names,x
Full travel time [h],382.98333333333335
Full traveled distance [m],9312824.166441137
Valid travel time [h],230.86111111111111
Valid traveled distance [m],6074377.335666402
Traveled distance in exposure [m],3701793.8607615842
Speeding distance [m],1655988.9609086963
