DIST_TOTAL,DIST_EXP,DIST_SPD
3550.9129731536327,2247.7239155212937,989.4946873038025
