DIST_TOTAL,DIST_EXP,DIST_SPD
5436.48768706033,3301.460666844063,1471.358005520654
