DIST_TOTAL,DIST_EXP,DIST_SPD
6160.914033135802,3745.2412010325515,1674.509693100924
