DIST_TOTAL,DIST_EXP,DIST_SPD
5984.18717492481,3637.319344425405,1617.4738101703063
