model,i,p_value
gaussian,0.16850520612551054,0.004
bisquare,0.13118106746994074,0.01
tricube,0.13450738752525246,0.01
boxcar,0.12998672001563988,0.008
exponential,0.1581924239895859,0.003
global,0.1776003009850045,0.001
