model,i,p_value
gaussian,0.16850520612551054,0.005
bisquare,0.13118106746994074,0.012
tricube,0.13450738752525246,0.009
boxcar,0.12998672001563988,0.006
exponential,0.1581924239895859,0.004
global,0.1776003009850045,0.001
