model,i,p_value
gaussian,0.18241751031673878,0.002
bisquare,0.13959803740384025,0.008
tricube,0.1431297422128767,0.003
boxcar,0.14128627940597488,0.012
exponential,0.17098252723531085,0.001
global,0.19252822146386583,0.001
