DIST_TOTAL,DIST_EXP,DIST_SPD
5747.069348294297,3467.7466815088515,1529.2927583904304
