DIST_TOTAL,DIST_EXP,DIST_SPD
5657.249867935742,3419.1852721675805,1508.0544505139799
