variables,W,p_value
AVI,520,0.5804497395795633
PD,326,0.029899200554083676
SND,260,0.0016540049821232932
DIS,287,0.0060983071469230005
TSD,629.5,0.03581125570086531
DCSU,473,0.9275803768888606
LDI,745.5,1.893542087347103e-4
BSD,623,0.044169762685353754
DSC,609.5,0.05041263647344644
