variables,W,p_value
AVI,13,0.00217
PD,40,0.29734
SND,29,0.06983
PAR,31.5,0.09803
DIS,87,0.03517
TSD,4,0.00008
DCSU,8,0.00042
LDI,53,0.86755
BSD,31,0.09502
DSC,5,0.00046
